<?xml version="1.0" encoding="UTF-8" ?>
    <api context="/proccesendpoint" name="ProccesEndpoint" xmlns="http://ws.apache.org/ns/synapse">
        <resource methods="GET" uri-template="/proccess">
            <inSequence>
            <scatter-gather parallel-execution="true" target="Body"   result-content-type="JSON"  >
        <aggregation expression="${payload}"     />
        <sequence><call >
    <endpoint key="SvcA" />
  
</call></sequence>
        <sequence><call >
    <endpoint key="SvcB" />
  
</call></sequence></scatter-gather><respond /></inSequence>
            <faultSequence>
            </faultSequence>
        </resource>
    </api>